ID;Adjacency List;Raw Sort Key;Relative Sort Key
0;1;1;0.160455
1;0 4 5;3;0.351026
2;5;1;0.220932
3;6;1;0.160455
4;1 6;2;0.267231
5;1 2 6 7 8;5;0.549848
6;3 4 5;3;0.351026
7;5 8 9;3;0.3736
8;5 7;2;0.334575
9;7;1;0.1673214
